dataset,method,fl_algo,head_train_mode,adapter_bottleneck,trainable_scope,evaluation_protocol,backbone_pretrained,backbone_frozen,task_id_known_at_inference,num_clients,alpha,replay,replay_per_class,mu,n_seeds,final_accuracy,final_accuracy_ci95,final_forgetting,final_forgetting_ci95,final_bwt,final_bwt_ci95,final_fwt,final_fwt_ci95,peak_drop,peak_drop_ci95,plasticity,plasticity_ci95,stability,stability_ci95,stability_peak,stability_peak_ci95,plasticity_stability_hmean,plasticity_stability_hmean_ci95,plasticity_stability_peak_hmean,plasticity_stability_peak_hmean_ci95,client_mean_acc,client_mean_acc_ci95,client_acc_std,client_acc_std_ci95,client_worst_acc,client_worst_acc_ci95,client_best_acc,client_best_acc_ci95,acc_per_comm_mb,acc_per_comm_mb_ci95,communication_mb,communication_mb_ci95,runtime_min,runtime_min_ci95,avg_power_w,avg_power_w_ci95,peak_power_w,peak_power_w_ci95,energy_j,energy_j_ci95,avg_cpu_util,avg_cpu_util_ci95,avg_gpu_util,avg_gpu_util_ci95,peak_ram_mb,peak_ram_mb_ci95
cifar10,FULL_FEDAVG,FEDAVG,current,16,NA,NA,False,False,True,10,0.7000,False,0,0.0000,6,0.5039 ± 0.0055,"0.5039 ± 0.0055 [95% CI: 0.4995, 0.5082]",0.0000 ± 0.0000,"0.0000 ± 0.0000 [95% CI: 0.0000, 0.0000]",NaN,NaN,NaN,NaN,NaN,NaN,0.5039 ± 0.0055,"0.5039 ± 0.0055 [95% CI: 0.4995, 0.5082]",1.0000 ± 0.0000,"1.0000 ± 0.0000 [95% CI: 1.0000, 1.0000]",NaN,NaN,0.6701 ± 0.0048,"0.6701 ± 0.0048 [95% CI: 0.6662, 0.6739]",NaN,NaN,NaN,NaN,NaN,NaN,NaN,NaN,NaN,NaN,0.0515 ± 0.0006,"0.0515 ± 0.0006 [95% CI: 0.0510, 0.0519]",9.78,"[95% CI: 9.78, 9.78]",11.11,"[95% CI: 8.55, 13.67]",NaN,NaN,NaN,NaN,NaN,NaN,NaN,NaN,NaN,NaN,NaN,NaN
cifar10,FULL_FEDAVG,FEDAVG,current,16,NA,NA,False,False,True,10,0.7000,False,20,0.0000,6,0.5057 ± 0.0094,"0.5057 ± 0.0094 [95% CI: 0.4982, 0.5133]",0.0000 ± 0.0000,"0.0000 ± 0.0000 [95% CI: 0.0000, 0.0000]",0.0000 ± 0.0000,"0.0000 ± 0.0000 [95% CI: 0.0000, 0.0000]",-0.3848 ± 0.0170,"-0.3848 ± 0.0170 [95% CI: -0.3985, -0.3712]",0.0000 ± 0.0000,"0.0000 ± 0.0000 [95% CI: 0.0000, 0.0000]",0.5057 ± 0.0094,"0.5057 ± 0.0094 [95% CI: 0.4982, 0.5133]",1.0000 ± 0.0000,"1.0000 ± 0.0000 [95% CI: 1.0000, 1.0000]",1.0000 ± 0.0000,"1.0000 ± 0.0000 [95% CI: 1.0000, 1.0000]",0.6717 ± 0.0082,"0.6717 ± 0.0082 [95% CI: 0.6651, 0.6783]",0.6750 ± 0.0114,"0.6750 ± 0.0114 [95% CI: 0.6659, 0.6842]",0.8250 ± 0.0285,"0.8250 ± 0.0285 [95% CI: 0.8022, 0.8479]",0.0728 ± 0.0064,"0.0728 ± 0.0064 [95% CI: 0.0677, 0.0780]",0.6997 ± 0.0387,"0.6997 ± 0.0387 [95% CI: 0.6687, 0.7307]",0.9431 ± 0.0211,"0.9431 ± 0.0211 [95% CI: 0.9262, 0.9600]",0.0517 ± 0.0010,"0.0517 ± 0.0010 [95% CI: 0.0509, 0.0525]",9.78,"[95% CI: 9.78, 9.78]",14.18,"[95% CI: 13.57, 14.79]",NaN,NaN,NaN,NaN,NaN,NaN,NaN,NaN,NaN,NaN,NaN,NaN
cifar10,SHARED_ADAPTER,FEDAVG,current,16,NA,NA,False,False,True,10,0.7000,False,0,0.0000,6,0.4999 ± 0.0018,"0.4999 ± 0.0018 [95% CI: 0.4985, 0.5014]",0.0020 ± 0.0016,"0.0020 ± 0.0016 [95% CI: 0.0007, 0.0033]",NaN,NaN,NaN,NaN,NaN,NaN,0.4999 ± 0.0018,"0.4999 ± 0.0018 [95% CI: 0.4985, 0.5014]",0.9980 ± 0.0016,"0.9980 ± 0.0016 [95% CI: 0.9967, 0.9993]",NaN,NaN,0.6662 ± 0.0018,"0.6662 ± 0.0018 [95% CI: 0.6648, 0.6676]",NaN,NaN,NaN,NaN,NaN,NaN,NaN,NaN,NaN,NaN,0.0119 ± 0.0000,"0.0119 ± 0.0000 [95% CI: 0.0119, 0.0119]",42.04,"[95% CI: 42.04, 42.04]",11.27,"[95% CI: 8.58, 13.96]",NaN,NaN,NaN,NaN,NaN,NaN,NaN,NaN,NaN,NaN,NaN,NaN
cifar10,SHARED_ADAPTER,FEDAVG,current,16,NA,NA,False,False,True,10,0.7000,False,20,0.0000,6,0.5017 ± 0.0027,"0.5017 ± 0.0027 [95% CI: 0.4996, 0.5039]",0.0003 ± 0.0005,"0.0003 ± 0.0005 [95% CI: -0.0001, 0.0007]",-0.0002 ± 0.0006,"-0.0002 ± 0.0006 [95% CI: -0.0007, 0.0003]",-0.4130 ± 0.0656,"-0.4130 ± 0.0656 [95% CI: -0.4655, -0.3604]",0.0005 ± 0.0004,"0.0005 ± 0.0004 [95% CI: 0.0002, 0.0009]",0.5017 ± 0.0027,"0.5017 ± 0.0027 [95% CI: 0.4996, 0.5039]",0.9997 ± 0.0005,"0.9997 ± 0.0005 [95% CI: 0.9993, 1.0001]",0.9995 ± 0.0004,"0.9995 ± 0.0004 [95% CI: 0.9991, 0.9998]",0.6681 ± 0.0024,"0.6681 ± 0.0024 [95% CI: 0.6662, 0.6701]",0.6678 ± 0.0021,"0.6678 ± 0.0021 [95% CI: 0.6661, 0.6694]",0.7655 ± 0.0333,"0.7655 ± 0.0333 [95% CI: 0.7389, 0.7922]",0.0861 ± 0.0081,"0.0861 ± 0.0081 [95% CI: 0.0796, 0.0926]",0.6003 ± 0.0195,"0.6003 ± 0.0195 [95% CI: 0.5847, 0.6159]",0.8917 ± 0.0331,"0.8917 ± 0.0331 [95% CI: 0.8652, 0.9182]",0.0119 ± 0.0001,"0.0119 ± 0.0001 [95% CI: 0.0119, 0.0120]",42.04,"[95% CI: 42.04, 42.04]",14.19,"[95% CI: 13.50, 14.87]",NaN,NaN,NaN,NaN,NaN,NaN,NaN,NaN,NaN,NaN,NaN,NaN
cifar10,TASK_ADAPTER,FEDAVG,current,16,NA,NA,False,False,True,10,0.7000,False,0,0.0000,6,0.5000 ± 0.0001,"0.5000 ± 0.0001 [95% CI: 0.5000, 0.5001]",0.0000 ± 0.0000,"0.0000 ± 0.0000 [95% CI: 0.0000, 0.0000]",NaN,NaN,NaN,NaN,NaN,NaN,0.5000 ± 0.0001,"0.5000 ± 0.0001 [95% CI: 0.5000, 0.5001]",1.0000 ± 0.0000,"1.0000 ± 0.0000 [95% CI: 1.0000, 1.0000]",NaN,NaN,0.6667 ± 0.0000,"0.6667 ± 0.0000 [95% CI: 0.6667, 0.6667]",NaN,NaN,NaN,NaN,NaN,NaN,NaN,NaN,NaN,NaN,0.0119 ± 0.0000,"0.0119 ± 0.0000 [95% CI: 0.0119, 0.0119]",42.04,"[95% CI: 42.04, 42.04]",10.87,"[95% CI: 8.53, 13.21]",NaN,NaN,NaN,NaN,NaN,NaN,NaN,NaN,NaN,NaN,NaN,NaN
cifar10,TASK_ADAPTER,FEDAVG,current,16,NA,NA,False,False,True,10,0.7000,False,20,0.0000,6,0.5118 ± 0.0131,"0.5118 ± 0.0131 [95% CI: 0.5013, 0.5223]",0.0000 ± 0.0000,"0.0000 ± 0.0000 [95% CI: 0.0000, 0.0000]",0.0000 ± 0.0000,"0.0000 ± 0.0000 [95% CI: 0.0000, 0.0000]",-0.4583 ± 0.0722,"-0.4583 ± 0.0722 [95% CI: -0.5161, -0.4006]",0.0000 ± 0.0000,"0.0000 ± 0.0000 [95% CI: 0.0000, 0.0000]",0.5118 ± 0.0131,"0.5118 ± 0.0131 [95% CI: 0.5013, 0.5223]",1.0000 ± 0.0000,"1.0000 ± 0.0000 [95% CI: 1.0000, 1.0000]",1.0000 ± 0.0000,"1.0000 ± 0.0000 [95% CI: 1.0000, 1.0000]",0.6770 ± 0.0114,"0.6770 ± 0.0114 [95% CI: 0.6679, 0.6861]",0.6847 ± 0.0117,"0.6847 ± 0.0117 [95% CI: 0.6753, 0.6941]",0.8112 ± 0.0134,"0.8112 ± 0.0134 [95% CI: 0.8004, 0.8219]",0.0619 ± 0.0125,"0.0619 ± 0.0125 [95% CI: 0.0519, 0.0719]",0.7077 ± 0.0228,"0.7077 ± 0.0228 [95% CI: 0.6895, 0.7260]",0.9105 ± 0.0380,"0.9105 ± 0.0380 [95% CI: 0.8801, 0.9410]",0.0122 ± 0.0003,"0.0122 ± 0.0003 [95% CI: 0.0119, 0.0124]",42.04,"[95% CI: 42.04, 42.04]",14.24,"[95% CI: 13.55, 14.93]",NaN,NaN,NaN,NaN,NaN,NaN,NaN,NaN,NaN,NaN,NaN,NaN
cifar10,TRUE_FEDAVG,FEDAVG,current,16,NA,NA,False,False,True,2,0.7000,False,20,0.0000,3,0.6693 ± 0.0806,"0.6693 ± 0.0806 [95% CI: 0.5781, 0.7606]",0.2035 ± 0.1874,"0.2035 ± 0.1874 [95% CI: -0.0086, 0.4156]",NaN,NaN,NaN,NaN,NaN,NaN,0.6693 ± 0.0806,"0.6693 ± 0.0806 [95% CI: 0.5781, 0.7606]",0.7965 ± 0.1874,"0.7965 ± 0.1874 [95% CI: 0.5844, 1.0086]",NaN,NaN,0.7258 ± 0.1252,"0.7258 ± 0.1252 [95% CI: 0.5842, 0.8675]",NaN,NaN,NaN,NaN,NaN,NaN,NaN,NaN,NaN,NaN,0.0020 ± 0.0002,"0.0020 ± 0.0002 [95% CI: 0.0017, 0.0022]",341.30,"[95% CI: 341.30, 341.30]",1.21,"[95% CI: 1.15, 1.26]",NaN,NaN,NaN,NaN,NaN,NaN,NaN,NaN,NaN,NaN,NaN,NaN
cifar10,TRUE_FEDAVG,FEDAVG,current,16,NA,NA,False,False,True,10,0.7000,False,0,0.0000,6,0.6840 ± 0.0429,"0.6840 ± 0.0429 [95% CI: 0.6497, 0.7184]",0.2024 ± 0.0406,"0.2024 ± 0.0406 [95% CI: 0.1699, 0.2349]",NaN,NaN,NaN,NaN,NaN,NaN,0.6840 ± 0.0429,"0.6840 ± 0.0429 [95% CI: 0.6497, 0.7184]",0.7976 ± 0.0406,"0.7976 ± 0.0406 [95% CI: 0.7651, 0.8301]",NaN,NaN,0.7364 ± 0.0422,"0.7364 ± 0.0422 [95% CI: 0.7027, 0.7702]",NaN,NaN,NaN,NaN,NaN,NaN,NaN,NaN,NaN,NaN,0.0000 ± 0.0000,"0.0000 ± 0.0000 [95% CI: 0.0000, 0.0000]",21331.03,"[95% CI: 21331.03, 21331.03]",16.24,"[95% CI: 15.74, 16.74]",NaN,NaN,NaN,NaN,NaN,NaN,NaN,NaN,NaN,NaN,NaN,NaN
cifar10,TRUE_FEDAVG,FEDAVG,current,16,NA,NA,False,False,True,10,0.7000,False,20,0.0000,6,0.6885 ± 0.0489,"0.6885 ± 0.0489 [95% CI: 0.6493, 0.7276]",0.2240 ± 0.0383,"0.2240 ± 0.0383 [95% CI: 0.1933, 0.2547]",-0.1819 ± 0.0296,"-0.1819 ± 0.0296 [95% CI: -0.2056, -0.1583]",-0.3810 ± 0.1127,"-0.3810 ± 0.1127 [95% CI: -0.4712, -0.2908]",0.1819 ± 0.0296,"0.1819 ± 0.0296 [95% CI: 0.1583, 0.2056]",0.6885 ± 0.0489,"0.6885 ± 0.0489 [95% CI: 0.6493, 0.7276]",0.7760 ± 0.0383,"0.7760 ± 0.0383 [95% CI: 0.7453, 0.8067]",0.8181 ± 0.0296,"0.8181 ± 0.0296 [95% CI: 0.7944, 0.8417]",0.7295 ± 0.0435,"0.7295 ± 0.0435 [95% CI: 0.6947, 0.7643]",0.7417 ± 0.0389,"0.7417 ± 0.0389 [95% CI: 0.7106, 0.7728]",0.8188 ± 0.0211,"0.8188 ± 0.0211 [95% CI: 0.8019, 0.8357]",0.0709 ± 0.0059,"0.0709 ± 0.0059 [95% CI: 0.0661, 0.0756]",0.6870 ± 0.0170,"0.6870 ± 0.0170 [95% CI: 0.6734, 0.7006]",0.9274 ± 0.0283,"0.9274 ± 0.0283 [95% CI: 0.9048, 0.9501]",0.0000 ± 0.0000,"0.0000 ± 0.0000 [95% CI: 0.0000, 0.0000]",21331.03,"[95% CI: 21331.03, 21331.03]",28.35,"[95% CI: 27.83, 28.88]",NaN,NaN,NaN,NaN,NaN,NaN,NaN,NaN,NaN,NaN,NaN,NaN
cifar100,EWC,FEDAVG,current,16,NA,NA,False,False,True,2,0.7000,False,20,0.0000,3,0.2307 ± 0.0142,"0.2307 ± 0.0142 [95% CI: 0.2146, 0.2467]",0.0707 ± 0.0614,"0.0707 ± 0.0614 [95% CI: 0.0012, 0.1402]",-0.0323 ± 0.0359,"-0.0323 ± 0.0359 [95% CI: -0.0729, 0.0083]",-0.1000 ± 0.0000,"-0.1000 ± 0.0000 [95% CI: -0.1000, -0.1000]",0.0353 ± 0.0307,"0.0353 ± 0.0307 [95% CI: 0.0006, 0.0701]",0.2307 ± 0.0142,"0.2307 ± 0.0142 [95% CI: 0.2146, 0.2467]",0.9293 ± 0.0614,"0.9293 ± 0.0614 [95% CI: 0.8598, 0.9988]",0.9647 ± 0.0307,"0.9647 ± 0.0307 [95% CI: 0.9299, 0.9994]",0.3695 ± 0.0213,"0.3695 ± 0.0213 [95% CI: 0.3453, 0.3936]",0.3722 ± 0.0199,"0.3722 ± 0.0199 [95% CI: 0.3497, 0.3948]",0.3051 ± 0.0217,"0.3051 ± 0.0217 [95% CI: 0.2805, 0.3296]",0.0222 ± 0.0060,"0.0222 ± 0.0060 [95% CI: 0.0154, 0.0290]",0.2828 ± 0.0179,"0.2828 ± 0.0179 [95% CI: 0.2626, 0.3031]",0.3273 ± 0.0264,"0.3273 ± 0.0264 [95% CI: 0.2974, 0.3571]",0.0007 ± 0.0000,"0.0007 ± 0.0000 [95% CI: 0.0006, 0.0007]",342.71,"[95% CI: 342.71, 342.71]",0.70,"[95% CI: 0.66, 0.74]",NaN,NaN,NaN,NaN,NaN,NaN,NaN,NaN,NaN,NaN,NaN,NaN
cifar100,FULL_FEDAVG,FEDAVG,current,16,NA,NA,False,False,True,10,NA,False,0,0.0000,3,0.1086 ± 0.0039,"0.1086 ± 0.0039 [95% CI: 0.1042, 0.1130]",0.0000 ± 0.0000,"0.0000 ± 0.0000 [95% CI: 0.0000, 0.0000]",NaN,NaN,NaN,NaN,NaN,NaN,0.1086 ± 0.0039,"0.1086 ± 0.0039 [95% CI: 0.1042, 0.1130]",1.0000 ± 0.0000,"1.0000 ± 0.0000 [95% CI: 1.0000, 1.0000]",NaN,NaN,0.1959 ± 0.0064,"0.1959 ± 0.0064 [95% CI: 0.1887, 0.2031]",NaN,NaN,NaN,NaN,NaN,NaN,NaN,NaN,NaN,NaN,0.0006 ± 0.0000,"0.0006 ± 0.0000 [95% CI: 0.0005, 0.0006]",195.69,"[95% CI: 195.69, 195.69]",16.43,"[95% CI: 16.22, 16.65]",NaN,NaN,NaN,NaN,NaN,NaN,NaN,NaN,NaN,NaN,NaN,NaN
cifar100,FULL_FEDAVG,FEDAVG,current,16,NA,NA,False,False,True,10,0.1000,False,20,0.0000,3,0.1044 ± 0.0048,"0.1044 ± 0.0048 [95% CI: 0.0989, 0.1098]",0.0000 ± 0.0000,"0.0000 ± 0.0000 [95% CI: 0.0000, 0.0000]",0.0000 ± 0.0000,"0.0000 ± 0.0000 [95% CI: 0.0000, 0.0000]",-0.0921 ± 0.0068,"-0.0921 ± 0.0068 [95% CI: -0.0999, -0.0844]",0.0000 ± 0.0000,"0.0000 ± 0.0000 [95% CI: 0.0000, 0.0000]",0.1044 ± 0.0048,"0.1044 ± 0.0048 [95% CI: 0.0989, 0.1098]",1.0000 ± 0.0000,"1.0000 ± 0.0000 [95% CI: 1.0000, 1.0000]",1.0000 ± 0.0000,"1.0000 ± 0.0000 [95% CI: 1.0000, 1.0000]",0.1890 ± 0.0079,"0.1890 ± 0.0079 [95% CI: 0.1801, 0.1979]",0.1890 ± 0.0079,"0.1890 ± 0.0079 [95% CI: 0.1801, 0.1979]",0.6028 ± 0.0202,"0.6028 ± 0.0202 [95% CI: 0.5800, 0.6256]",0.0594 ± 0.0091,"0.0594 ± 0.0091 [95% CI: 0.0491, 0.0697]",0.5249 ± 0.0264,"0.5249 ± 0.0264 [95% CI: 0.4950, 0.5548]",0.7225 ± 0.0387,"0.7225 ± 0.0387 [95% CI: 0.6787, 0.7663]",0.0005 ± 0.0000,"0.0005 ± 0.0000 [95% CI: 0.0005, 0.0006]",195.69,"[95% CI: 195.69, 195.69]",20.10,"[95% CI: 20.06, 20.14]",NaN,NaN,NaN,NaN,NaN,NaN,NaN,NaN,NaN,NaN,NaN,NaN
cifar100,FULL_FEDAVG,FEDAVG,current,16,NA,NA,False,False,True,10,0.5000,False,0,0.0000,6,0.1049 ± 0.0012,"0.1049 ± 0.0012 [95% CI: 0.1040, 0.1059]",0.0000 ± 0.0000,"0.0000 ± 0.0000 [95% CI: 0.0000, 0.0000]",NaN,NaN,NaN,NaN,NaN,NaN,0.1049 ± 0.0012,"0.1049 ± 0.0012 [95% CI: 0.1040, 0.1059]",1.0000 ± 0.0000,"1.0000 ± 0.0000 [95% CI: 1.0000, 1.0000]",NaN,NaN,0.1899 ± 0.0020,"0.1899 ± 0.0020 [95% CI: 0.1884, 0.1915]",NaN,NaN,NaN,NaN,NaN,NaN,NaN,NaN,NaN,NaN,0.0005 ± 0.0000,"0.0005 ± 0.0000 [95% CI: 0.0005, 0.0005]",195.69,"[95% CI: 195.69, 195.69]",10.75,"[95% CI: 10.73, 10.77]",NaN,NaN,NaN,NaN,NaN,NaN,NaN,NaN,NaN,NaN,NaN,NaN
cifar100,FULL_FEDAVG,FEDAVG,current,16,NA,NA,False,False,True,10,0.7000,False,20,0.0000,6,0.1029 ± 0.0030,"0.1029 ± 0.0030 [95% CI: 0.1005, 0.1052]",0.0000 ± 0.0000,"0.0000 ± 0.0000 [95% CI: 0.0000, 0.0000]",0.0000 ± 0.0000,"0.0000 ± 0.0000 [95% CI: 0.0000, 0.0000]",-0.0921 ± 0.0061,"-0.0921 ± 0.0061 [95% CI: -0.0970, -0.0873]",0.0000 ± 0.0000,"0.0000 ± 0.0000 [95% CI: 0.0000, 0.0000]",0.1029 ± 0.0030,"0.1029 ± 0.0030 [95% CI: 0.1005, 0.1052]",1.0000 ± 0.0000,"1.0000 ± 0.0000 [95% CI: 1.0000, 1.0000]",1.0000 ± 0.0000,"1.0000 ± 0.0000 [95% CI: 1.0000, 1.0000]",0.1865 ± 0.0049,"0.1865 ± 0.0049 [95% CI: 0.1826, 0.1904]",0.1865 ± 0.0049,"0.1865 ± 0.0049 [95% CI: 0.1826, 0.1904]",0.3659 ± 0.0064,"0.3659 ± 0.0064 [95% CI: 0.3608, 0.3711]",0.0224 ± 0.0060,"0.0224 ± 0.0060 [95% CI: 0.0176, 0.0271]",0.3348 ± 0.0121,"0.3348 ± 0.0121 [95% CI: 0.3251, 0.3445]",0.4041 ± 0.0116,"0.4041 ± 0.0116 [95% CI: 0.3947, 0.4134]",0.0005 ± 0.0000,"0.0005 ± 0.0000 [95% CI: 0.0005, 0.0005]",195.69,"[95% CI: 195.69, 195.69]",19.92,"[95% CI: 19.78, 20.05]",NaN,NaN,NaN,NaN,NaN,NaN,NaN,NaN,NaN,NaN,NaN,NaN
cifar100,LWF,FEDAVG,current,16,NA,NA,False,False,True,2,0.7000,False,20,0.0000,3,0.1993 ± 0.0204,"0.1993 ± 0.0204 [95% CI: 0.1762, 0.2224]",0.0863 ± 0.0495,"0.0863 ± 0.0495 [95% CI: 0.0303, 0.1424]",-0.0432 ± 0.0248,"-0.0432 ± 0.0248 [95% CI: -0.0712, -0.0151]",-0.1000 ± 0.0000,"-0.1000 ± 0.0000 [95% CI: -0.1000, -0.1000]",0.0432 ± 0.0248,"0.0432 ± 0.0248 [95% CI: 0.0151, 0.0712]",0.1993 ± 0.0204,"0.1993 ± 0.0204 [95% CI: 0.1762, 0.2224]",0.9137 ± 0.0495,"0.9137 ± 0.0495 [95% CI: 0.8576, 0.9697]",0.9568 ± 0.0248,"0.9568 ± 0.0248 [95% CI: 0.9288, 0.9849]",0.3267 ± 0.0267,"0.3267 ± 0.0267 [95% CI: 0.2965, 0.3569]",0.3295 ± 0.0276,"0.3295 ± 0.0276 [95% CI: 0.2983, 0.3608]",0.3031 ± 0.0143,"0.3031 ± 0.0143 [95% CI: 0.2869, 0.3194]",0.0120 ± 0.0131,"0.0120 ± 0.0131 [95% CI: -0.0028, 0.0268]",0.2911 ± 0.0234,"0.2911 ± 0.0234 [95% CI: 0.2646, 0.3177]",0.3151 ± 0.0143,"0.3151 ± 0.0143 [95% CI: 0.2989, 0.3314]",0.0006 ± 0.0001,"0.0006 ± 0.0001 [95% CI: 0.0005, 0.0006]",342.71,"[95% CI: 342.71, 342.71]",0.83,"[95% CI: 0.79, 0.87]",NaN,NaN,NaN,NaN,NaN,NaN,NaN,NaN,NaN,NaN,NaN,NaN
cifar100,LWF,FEDAVG,current,16,NA,NA,False,False,True,10,0.7000,False,20,0.0000,3,0.5000 ± 0.0004,"0.5000 ± 0.0004 [95% CI: 0.4996, 0.5004]",0.1719 ± 0.0045,"0.1719 ± 0.0045 [95% CI: 0.1668, 0.1770]",-0.1547 ± 0.0041,"-0.1547 ± 0.0041 [95% CI: -0.1593, -0.1501]",-0.0886 ± 0.0036,"-0.0886 ± 0.0036 [95% CI: -0.0926, -0.0845]",0.1547 ± 0.0041,"0.1547 ± 0.0041 [95% CI: 0.1501, 0.1593]",0.5000 ± 0.0004,"0.5000 ± 0.0004 [95% CI: 0.4996, 0.5004]",0.8281 ± 0.0045,"0.8281 ± 0.0045 [95% CI: 0.8230, 0.8332]",0.8453 ± 0.0041,"0.8453 ± 0.0041 [95% CI: 0.8407, 0.8499]",0.6235 ± 0.0011,"0.6235 ± 0.0011 [95% CI: 0.6223, 0.6247]",0.6283 ± 0.0009,"0.6283 ± 0.0009 [95% CI: 0.6273, 0.6293]",0.5656 ± 0.0110,"0.5656 ± 0.0110 [95% CI: 0.5532, 0.5780]",0.0359 ± 0.0148,"0.0359 ± 0.0148 [95% CI: 0.0191, 0.0526]",0.4995 ± 0.0315,"0.4995 ± 0.0315 [95% CI: 0.4639, 0.5352]",0.6253 ± 0.0024,"0.6253 ± 0.0024 [95% CI: 0.6226, 0.6281]",0.0000 ± 0.0000,"0.0000 ± 0.0000 [95% CI: 0.0000, 0.0000]",42838.18,"[95% CI: 42838.18, 42838.18]",123.57,"[95% CI: 123.30, 123.84]",NaN,NaN,NaN,NaN,NaN,NaN,NaN,NaN,NaN,NaN,NaN,NaN
cifar100,MAS,FEDAVG,current,16,NA,NA,False,False,True,2,0.7000,False,20,0.0000,3,0.2833 ± 0.0311,"0.2833 ± 0.0311 [95% CI: 0.2481, 0.3186]",0.0000 ± 0.0000,"0.0000 ± 0.0000 [95% CI: 0.0000, 0.0000]",0.0602 ± 0.0422,"0.0602 ± 0.0422 [95% CI: 0.0124, 0.1079]",-0.1000 ± 0.0000,"-0.1000 ± 0.0000 [95% CI: -0.1000, -0.1000]",0.0000 ± 0.0000,"0.0000 ± 0.0000 [95% CI: 0.0000, 0.0000]",0.2833 ± 0.0311,"0.2833 ± 0.0311 [95% CI: 0.2481, 0.3186]",1.0000 ± 0.0000,"1.0000 ± 0.0000 [95% CI: 1.0000, 1.0000]",1.0000 ± 0.0000,"1.0000 ± 0.0000 [95% CI: 1.0000, 1.0000]",0.4409 ± 0.0382,"0.4409 ± 0.0382 [95% CI: 0.3977, 0.4842]",0.4409 ± 0.0382,"0.4409 ± 0.0382 [95% CI: 0.3977, 0.4842]",0.3491 ± 0.0175,"0.3491 ± 0.0175 [95% CI: 0.3293, 0.3689]",0.0352 ± 0.0497,"0.0352 ± 0.0497 [95% CI: -0.0211, 0.0915]",0.3139 ± 0.0471,"0.3139 ± 0.0471 [95% CI: 0.2606, 0.3672]",0.3842 ± 0.0578,"0.3842 ± 0.0578 [95% CI: 0.3188, 0.4497]",0.0008 ± 0.0001,"0.0008 ± 0.0001 [95% CI: 0.0007, 0.0009]",342.71,"[95% CI: 342.71, 342.71]",0.70,"[95% CI: 0.66, 0.74]",NaN,NaN,NaN,NaN,NaN,NaN,NaN,NaN,NaN,NaN,NaN,NaN
cifar100,SHARED_ADAPTER,FEDAVG,current,8,NA,NA,False,False,True,10,0.7000,False,20,0.0000,3,0.1092 ± 0.0038,"0.1092 ± 0.0038 [95% CI: 0.1049, 0.1135]",0.0011 ± 0.0006,"0.0011 ± 0.0006 [95% CI: 0.0004, 0.0018]",0.0022 ± 0.0040,"0.0022 ± 0.0040 [95% CI: -0.0023, 0.0067]",-0.0912 ± 0.0061,"-0.0912 ± 0.0061 [95% CI: -0.0981, -0.0843]",0.0010 ± 0.0006,"0.0010 ± 0.0006 [95% CI: 0.0004, 0.0016]",0.1092 ± 0.0038,"0.1092 ± 0.0038 [95% CI: 0.1049, 0.1135]",0.9989 ± 0.0006,"0.9989 ± 0.0006 [95% CI: 0.9982, 0.9996]",0.9990 ± 0.0006,"0.9990 ± 0.0006 [95% CI: 0.9984, 0.9996]",0.1969 ± 0.0061,"0.1969 ± 0.0061 [95% CI: 0.1900, 0.2038]",0.1969 ± 0.0061,"0.1969 ± 0.0061 [95% CI: 0.1900, 0.2038]",0.3697 ± 0.0088,"0.3697 ± 0.0088 [95% CI: 0.3598, 0.3797]",0.0258 ± 0.0099,"0.0258 ± 0.0099 [95% CI: 0.0145, 0.0370]",0.3268 ± 0.0164,"0.3268 ± 0.0164 [95% CI: 0.3082, 0.3454]",0.4115 ± 0.0251,"0.4115 ± 0.0251 [95% CI: 0.3831, 0.4399]",0.0005 ± 0.0000,"0.0005 ± 0.0000 [95% CI: 0.0005, 0.0005]",228.93,"[95% CI: 228.93, 228.93]",20.06,"[95% CI: 19.92, 20.20]",NaN,NaN,NaN,NaN,NaN,NaN,NaN,NaN,NaN,NaN,NaN,NaN
cifar100,SHARED_ADAPTER,FEDAVG,current,16,NA,NA,False,False,True,10,NA,False,0,0.0000,3,0.1027 ± 0.0036,"0.1027 ± 0.0036 [95% CI: 0.0986, 0.1069]",0.0027 ± 0.0032,"0.0027 ± 0.0032 [95% CI: -0.0009, 0.0064]",NaN,NaN,NaN,NaN,NaN,NaN,0.1027 ± 0.0036,"0.1027 ± 0.0036 [95% CI: 0.0986, 0.1069]",0.9973 ± 0.0032,"0.9973 ± 0.0032 [95% CI: 0.9936, 1.0009]",NaN,NaN,0.1863 ± 0.0060,"0.1863 ± 0.0060 [95% CI: 0.1795, 0.1930]",NaN,NaN,NaN,NaN,NaN,NaN,NaN,NaN,NaN,NaN,0.0004 ± 0.0000,"0.0004 ± 0.0000 [95% CI: 0.0004, 0.0004]",260.21,"[95% CI: 260.21, 260.21]",16.38,"[95% CI: 16.26, 16.50]",NaN,NaN,NaN,NaN,NaN,NaN,NaN,NaN,NaN,NaN,NaN,NaN
cifar100,SHARED_ADAPTER,FEDAVG,current,16,NA,NA,False,False,True,10,0.1000,False,20,0.0000,3,0.1036 ± 0.0048,"0.1036 ± 0.0048 [95% CI: 0.0981, 0.1091]",0.0006 ± 0.0006,"0.0006 ± 0.0006 [95% CI: -0.0000, 0.0013]",0.0004 ± 0.0003,"0.0004 ± 0.0003 [95% CI: 0.0000, 0.0007]",-0.0885 ± 0.0052,"-0.0885 ± 0.0052 [95% CI: -0.0944, -0.0826]",0.0006 ± 0.0005,"0.0006 ± 0.0005 [95% CI: -0.0000, 0.0011]",0.1036 ± 0.0048,"0.1036 ± 0.0048 [95% CI: 0.0981, 0.1091]",0.9994 ± 0.0006,"0.9994 ± 0.0006 [95% CI: 0.9987, 1.0000]",0.9994 ± 0.0005,"0.9994 ± 0.0005 [95% CI: 0.9989, 1.0000]",0.1877 ± 0.0079,"0.1877 ± 0.0079 [95% CI: 0.1787, 0.1967]",0.1877 ± 0.0079,"0.1877 ± 0.0079 [95% CI: 0.1787, 0.1967]",0.5623 ± 0.0173,"0.5623 ± 0.0173 [95% CI: 0.5427, 0.5819]",0.0778 ± 0.0181,"0.0778 ± 0.0181 [95% CI: 0.0573, 0.0982]",0.4327 ± 0.0524,"0.4327 ± 0.0524 [95% CI: 0.3734, 0.4920]",0.6979 ± 0.0217,"0.6979 ± 0.0217 [95% CI: 0.6733, 0.7224]",0.0004 ± 0.0000,"0.0004 ± 0.0000 [95% CI: 0.0004, 0.0004]",260.21,"[95% CI: 260.21, 260.21]",20.30,"[95% CI: 20.20, 20.39]",NaN,NaN,NaN,NaN,NaN,NaN,NaN,NaN,NaN,NaN,NaN,NaN
cifar100,SHARED_ADAPTER,FEDAVG,current,16,NA,NA,False,False,True,10,0.5000,False,0,0.0000,6,0.1026 ± 0.0029,"0.1026 ± 0.0029 [95% CI: 0.1002, 0.1049]",0.0021 ± 0.0008,"0.0021 ± 0.0008 [95% CI: 0.0015, 0.0028]",NaN,NaN,NaN,NaN,NaN,NaN,0.1026 ± 0.0029,"0.1026 ± 0.0029 [95% CI: 0.1002, 0.1049]",0.9979 ± 0.0008,"0.9979 ± 0.0008 [95% CI: 0.9972, 0.9985]",NaN,NaN,0.1860 ± 0.0048,"0.1860 ± 0.0048 [95% CI: 0.1821, 0.1899]",NaN,NaN,NaN,NaN,NaN,NaN,NaN,NaN,NaN,NaN,0.0004 ± 0.0000,"0.0004 ± 0.0000 [95% CI: 0.0004, 0.0004]",260.21,"[95% CI: 260.21, 260.21]",10.79,"[95% CI: 10.77, 10.81]",NaN,NaN,NaN,NaN,NaN,NaN,NaN,NaN,NaN,NaN,NaN,NaN
cifar100,SHARED_ADAPTER,FEDAVG,current,16,NA,NA,False,False,True,10,0.7000,False,20,0.0000,9,0.1023 ± 0.0030,"0.1023 ± 0.0030 [95% CI: 0.1003, 0.1043]",0.0020 ± 0.0051,"0.0020 ± 0.0051 [95% CI: -0.0014, 0.0053]",-0.0005 ± 0.0014,"-0.0005 ± 0.0014 [95% CI: -0.0014, 0.0004]",-0.0840 ± 0.0081,"-0.0840 ± 0.0081 [95% CI: -0.0893, -0.0787]",0.0018 ± 0.0046,"0.0018 ± 0.0046 [95% CI: -0.0012, 0.0048]",0.1023 ± 0.0030,"0.1023 ± 0.0030 [95% CI: 0.1003, 0.1043]",0.9980 ± 0.0051,"0.9980 ± 0.0051 [95% CI: 0.9947, 1.0014]",0.9982 ± 0.0046,"0.9982 ± 0.0046 [95% CI: 0.9952, 1.0012]",0.1855 ± 0.0049,"0.1855 ± 0.0049 [95% CI: 0.1824, 0.1887]",0.1855 ± 0.0049,"0.1855 ± 0.0049 [95% CI: 0.1824, 0.1887]",0.3625 ± 0.0178,"0.3625 ± 0.0178 [95% CI: 0.3508, 0.3742]",0.0259 ± 0.0064,"0.0259 ± 0.0064 [95% CI: 0.0217, 0.0301]",0.3199 ± 0.0274,"0.3199 ± 0.0274 [95% CI: 0.3020, 0.3378]",0.4047 ± 0.0107,"0.4047 ± 0.0107 [95% CI: 0.3977, 0.4117]",0.0004 ± 0.0000,"0.0004 ± 0.0000 [95% CI: 0.0004, 0.0004]",260.21,"[95% CI: 260.21, 260.21]",20.04,"[95% CI: 19.98, 20.10]",NaN,NaN,NaN,NaN,NaN,NaN,NaN,NaN,NaN,NaN,NaN,NaN
cifar100,SHARED_ADAPTER,FEDAVG,current,32,NA,NA,False,False,True,10,0.7000,False,20,0.0000,3,0.1058 ± 0.0021,"0.1058 ± 0.0021 [95% CI: 0.1034, 0.1082]",0.0067 ± 0.0101,"0.0067 ± 0.0101 [95% CI: -0.0047, 0.0182]",-0.0017 ± 0.0028,"-0.0017 ± 0.0028 [95% CI: -0.0049, 0.0015]",-0.0913 ± 0.0147,"-0.0913 ± 0.0147 [95% CI: -0.1080, -0.0747]",0.0061 ± 0.0091,"0.0061 ± 0.0091 [95% CI: -0.0043, 0.0164]",0.1058 ± 0.0021,"0.1058 ± 0.0021 [95% CI: 0.1034, 0.1082]",0.9933 ± 0.0101,"0.9933 ± 0.0101 [95% CI: 0.9818, 1.0047]",0.9939 ± 0.0091,"0.9939 ± 0.0091 [95% CI: 0.9836, 1.0043]",0.1912 ± 0.0033,"0.1912 ± 0.0033 [95% CI: 0.1874, 0.1950]",0.1912 ± 0.0034,"0.1912 ± 0.0034 [95% CI: 0.1874, 0.1950]",0.3607 ± 0.0241,"0.3607 ± 0.0241 [95% CI: 0.3334, 0.3880]",0.0205 ± 0.0033,"0.0205 ± 0.0033 [95% CI: 0.0168, 0.0243]",0.3293 ± 0.0265,"0.3293 ± 0.0265 [95% CI: 0.2993, 0.3593]",0.3989 ± 0.0197,"0.3989 ± 0.0197 [95% CI: 0.3767, 0.4212]",0.0003 ± 0.0000,"0.0003 ± 0.0000 [95% CI: 0.0003, 0.0003]",322.77,"[95% CI: 322.77, 322.77]",20.05,"[95% CI: 19.95, 20.14]",NaN,NaN,NaN,NaN,NaN,NaN,NaN,NaN,NaN,NaN,NaN,NaN
cifar100,SI,FEDAVG,current,16,NA,NA,False,False,True,2,0.7000,False,20,0.0000,3,0.2268 ± 0.0142,"0.2268 ± 0.0142 [95% CI: 0.2107, 0.2429]",0.0647 ± 0.0150,"0.0647 ± 0.0150 [95% CI: 0.0476, 0.0817]",-0.0323 ± 0.0075,"-0.0323 ± 0.0075 [95% CI: -0.0408, -0.0238]",-0.1000 ± 0.0000,"-0.1000 ± 0.0000 [95% CI: -0.1000, -0.1000]",0.0323 ± 0.0075,"0.0323 ± 0.0075 [95% CI: 0.0238, 0.0408]",0.2268 ± 0.0142,"0.2268 ± 0.0142 [95% CI: 0.2107, 0.2429]",0.9353 ± 0.0150,"0.9353 ± 0.0150 [95% CI: 0.9183, 0.9524]",0.9677 ± 0.0075,"0.9677 ± 0.0075 [95% CI: 0.9592, 0.9762]",0.3649 ± 0.0174,"0.3649 ± 0.0174 [95% CI: 0.3452, 0.3846]",0.3673 ± 0.0182,"0.3673 ± 0.0182 [95% CI: 0.3467, 0.3880]",0.2946 ± 0.0227,"0.2946 ± 0.0227 [95% CI: 0.2689, 0.3203]",0.0262 ± 0.0232,"0.0262 ± 0.0232 [95% CI: 0.0000, 0.0525]",0.2683 ± 0.0205,"0.2683 ± 0.0205 [95% CI: 0.2451, 0.2915]",0.3208 ± 0.0410,"0.3208 ± 0.0410 [95% CI: 0.2744, 0.3673]",0.0007 ± 0.0000,"0.0007 ± 0.0000 [95% CI: 0.0006, 0.0007]",342.71,"[95% CI: 342.71, 342.71]",0.72,"[95% CI: 0.68, 0.76]",NaN,NaN,NaN,NaN,NaN,NaN,NaN,NaN,NaN,NaN,NaN,NaN
cifar100,TASK_ADAPTER,FEDAVG,current,8,NA,NA,False,False,True,10,0.7000,False,20,0.0000,6,0.1048 ± 0.0044,"0.1048 ± 0.0044 [95% CI: 0.1014, 0.1083]",0.0000 ± 0.0000,"0.0000 ± 0.0000 [95% CI: 0.0000, 0.0000]",0.0000 ± 0.0000,"0.0000 ± 0.0000 [95% CI: 0.0000, 0.0000]",-0.0975 ± 0.0017,"-0.0975 ± 0.0017 [95% CI: -0.0989, -0.0962]",0.0000 ± 0.0000,"0.0000 ± 0.0000 [95% CI: 0.0000, 0.0000]",0.1048 ± 0.0044,"0.1048 ± 0.0044 [95% CI: 0.1014, 0.1083]",1.0000 ± 0.0000,"1.0000 ± 0.0000 [95% CI: 1.0000, 1.0000]",1.0000 ± 0.0000,"1.0000 ± 0.0000 [95% CI: 1.0000, 1.0000]",0.1897 ± 0.0071,"0.1897 ± 0.0071 [95% CI: 0.1840, 0.1954]",0.1897 ± 0.0071,"0.1897 ± 0.0071 [95% CI: 0.1840, 0.1954]",0.3691 ± 0.0053,"0.3691 ± 0.0053 [95% CI: 0.3648, 0.3734]",0.0246 ± 0.0029,"0.0246 ± 0.0029 [95% CI: 0.0223, 0.0269]",0.3325 ± 0.0045,"0.3325 ± 0.0045 [95% CI: 0.3289, 0.3361]",0.4075 ± 0.0100,"0.4075 ± 0.0100 [95% CI: 0.3995, 0.4156]",0.0005 ± 0.0000,"0.0005 ± 0.0000 [95% CI: 0.0004, 0.0005]",228.93,"[95% CI: 228.93, 228.93]",20.09,"[95% CI: 20.02, 20.15]",NaN,NaN,NaN,NaN,NaN,NaN,NaN,NaN,NaN,NaN,NaN,NaN
cifar100,TASK_ADAPTER,FEDAVG,current,16,NA,NA,False,False,True,10,NA,False,0,0.0000,3,0.1042 ± 0.0039,"0.1042 ± 0.0039 [95% CI: 0.0998, 0.1086]",0.0000 ± 0.0000,"0.0000 ± 0.0000 [95% CI: 0.0000, 0.0000]",NaN,NaN,NaN,NaN,NaN,NaN,0.1042 ± 0.0039,"0.1042 ± 0.0039 [95% CI: 0.0998, 0.1086]",1.0000 ± 0.0000,"1.0000 ± 0.0000 [95% CI: 1.0000, 1.0000]",NaN,NaN,0.1887 ± 0.0063,"0.1887 ± 0.0063 [95% CI: 0.1816, 0.1959]",NaN,NaN,NaN,NaN,NaN,NaN,NaN,NaN,NaN,NaN,0.0004 ± 0.0000,"0.0004 ± 0.0000 [95% CI: 0.0004, 0.0004]",260.21,"[95% CI: 260.21, 260.21]",16.38,"[95% CI: 16.27, 16.49]",NaN,NaN,NaN,NaN,NaN,NaN,NaN,NaN,NaN,NaN,NaN,NaN
cifar100,TASK_ADAPTER,FEDAVG,current,16,NA,NA,False,False,True,10,0.1000,False,20,0.0000,3,0.1051 ± 0.0052,"0.1051 ± 0.0052 [95% CI: 0.0992, 0.1110]",0.0000 ± 0.0000,"0.0000 ± 0.0000 [95% CI: 0.0000, 0.0000]",0.0000 ± 0.0000,"0.0000 ± 0.0000 [95% CI: 0.0000, 0.0000]",-0.0891 ± 0.0107,"-0.0891 ± 0.0107 [95% CI: -0.1012, -0.0770]",0.0000 ± 0.0000,"0.0000 ± 0.0000 [95% CI: 0.0000, 0.0000]",0.1051 ± 0.0052,"0.1051 ± 0.0052 [95% CI: 0.0992, 0.1110]",1.0000 ± 0.0000,"1.0000 ± 0.0000 [95% CI: 1.0000, 1.0000]",1.0000 ± 0.0000,"1.0000 ± 0.0000 [95% CI: 1.0000, 1.0000]",0.1902 ± 0.0085,"0.1902 ± 0.0085 [95% CI: 0.1806, 0.1999]",0.1902 ± 0.0085,"0.1902 ± 0.0085 [95% CI: 0.1806, 0.1999]",0.5945 ± 0.0108,"0.5945 ± 0.0108 [95% CI: 0.5823, 0.6068]",0.0605 ± 0.0015,"0.0605 ± 0.0015 [95% CI: 0.0588, 0.0622]",0.5040 ± 0.0095,"0.5040 ± 0.0095 [95% CI: 0.4933, 0.5148]",0.6997 ± 0.0259,"0.6997 ± 0.0259 [95% CI: 0.6704, 0.7290]",0.0004 ± 0.0000,"0.0004 ± 0.0000 [95% CI: 0.0004, 0.0004]",260.21,"[95% CI: 260.21, 260.21]",20.23,"[95% CI: 20.19, 20.26]",NaN,NaN,NaN,NaN,NaN,NaN,NaN,NaN,NaN,NaN,NaN,NaN
cifar100,TASK_ADAPTER,FEDAVG,current,16,NA,NA,False,False,True,10,0.5000,False,0,0.0000,6,0.1043 ± 0.0045,"0.1043 ± 0.0045 [95% CI: 0.1007, 0.1079]",0.0000 ± 0.0000,"0.0000 ± 0.0000 [95% CI: 0.0000, 0.0000]",NaN,NaN,NaN,NaN,NaN,NaN,0.1043 ± 0.0045,"0.1043 ± 0.0045 [95% CI: 0.1007, 0.1079]",1.0000 ± 0.0000,"1.0000 ± 0.0000 [95% CI: 1.0000, 1.0000]",NaN,NaN,0.1888 ± 0.0074,"0.1888 ± 0.0074 [95% CI: 0.1829, 0.1947]",NaN,NaN,NaN,NaN,NaN,NaN,NaN,NaN,NaN,NaN,0.0004 ± 0.0000,"0.0004 ± 0.0000 [95% CI: 0.0004, 0.0004]",260.21,"[95% CI: 260.21, 260.21]",10.77,"[95% CI: 10.73, 10.81]",NaN,NaN,NaN,NaN,NaN,NaN,NaN,NaN,NaN,NaN,NaN,NaN
cifar100,TASK_ADAPTER,FEDAVG,current,16,NA,NA,False,False,True,10,0.7000,False,20,0.0000,6,0.1003 ± 0.0008,"0.1003 ± 0.0008 [95% CI: 0.0997, 0.1009]",0.0000 ± 0.0000,"0.0000 ± 0.0000 [95% CI: 0.0000, 0.0000]",0.0000 ± 0.0000,"0.0000 ± 0.0000 [95% CI: 0.0000, 0.0000]",-0.0919 ± 0.0072,"-0.0919 ± 0.0072 [95% CI: -0.0977, -0.0862]",0.0000 ± 0.0000,"0.0000 ± 0.0000 [95% CI: 0.0000, 0.0000]",0.1003 ± 0.0008,"0.1003 ± 0.0008 [95% CI: 0.0997, 0.1009]",1.0000 ± 0.0000,"1.0000 ± 0.0000 [95% CI: 1.0000, 1.0000]",1.0000 ± 0.0000,"1.0000 ± 0.0000 [95% CI: 1.0000, 1.0000]",0.1824 ± 0.0013,"0.1824 ± 0.0013 [95% CI: 0.1814, 0.1834]",0.1824 ± 0.0013,"0.1824 ± 0.0013 [95% CI: 0.1814, 0.1834]",0.3842 ± 0.0040,"0.3842 ± 0.0040 [95% CI: 0.3810, 0.3874]",0.0292 ± 0.0083,"0.0292 ± 0.0083 [95% CI: 0.0226, 0.0358]",0.3393 ± 0.0139,"0.3393 ± 0.0139 [95% CI: 0.3282, 0.3504]",0.4275 ± 0.0101,"0.4275 ± 0.0101 [95% CI: 0.4194, 0.4356]",0.0004 ± 0.0000,"0.0004 ± 0.0000 [95% CI: 0.0004, 0.0004]",260.21,"[95% CI: 260.21, 260.21]",20.17,"[95% CI: 20.07, 20.27]",NaN,NaN,NaN,NaN,NaN,NaN,NaN,NaN,NaN,NaN,NaN,NaN
cifar100,TASK_ADAPTER,FEDAVG,current,32,NA,NA,False,False,True,10,0.7000,False,20,0.0000,6,0.1062 ± 0.0030,"0.1062 ± 0.0030 [95% CI: 0.1038, 0.1087]",0.0000 ± 0.0000,"0.0000 ± 0.0000 [95% CI: 0.0000, 0.0000]",0.0000 ± 0.0000,"0.0000 ± 0.0000 [95% CI: 0.0000, 0.0000]",-0.0934 ± 0.0102,"-0.0934 ± 0.0102 [95% CI: -0.1015, -0.0852]",0.0000 ± 0.0000,"0.0000 ± 0.0000 [95% CI: 0.0000, 0.0000]",0.1062 ± 0.0030,"0.1062 ± 0.0030 [95% CI: 0.1038, 0.1087]",1.0000 ± 0.0000,"1.0000 ± 0.0000 [95% CI: 1.0000, 1.0000]",1.0000 ± 0.0000,"1.0000 ± 0.0000 [95% CI: 1.0000, 1.0000]",0.1921 ± 0.0050,"0.1921 ± 0.0050 [95% CI: 0.1881, 0.1960]",0.1921 ± 0.0050,"0.1921 ± 0.0050 [95% CI: 0.1881, 0.1960]",0.3687 ± 0.0084,"0.3687 ± 0.0084 [95% CI: 0.3620, 0.3754]",0.0220 ± 0.0039,"0.0220 ± 0.0039 [95% CI: 0.0189, 0.0251]",0.3359 ± 0.0178,"0.3359 ± 0.0178 [95% CI: 0.3217, 0.3502]",0.4126 ± 0.0036,"0.4126 ± 0.0036 [95% CI: 0.4098, 0.4155]",0.0003 ± 0.0000,"0.0003 ± 0.0000 [95% CI: 0.0003, 0.0003]",322.77,"[95% CI: 322.77, 322.77]",20.26,"[95% CI: 20.22, 20.31]",NaN,NaN,NaN,NaN,NaN,NaN,NaN,NaN,NaN,NaN,NaN,NaN
cifar100,TRUE_FEDAVG,FEDAVG,current,16,NA,NA,False,False,True,10,NA,False,0,0.0000,3,0.3710 ± 0.0051,"0.3710 ± 0.0051 [95% CI: 0.3653, 0.3767]",0.3208 ± 0.0096,"0.3208 ± 0.0096 [95% CI: 0.3100, 0.3317]",NaN,NaN,NaN,NaN,NaN,NaN,0.3710 ± 0.0051,"0.3710 ± 0.0051 [95% CI: 0.3653, 0.3767]",0.6792 ± 0.0096,"0.6792 ± 0.0096 [95% CI: 0.6683, 0.6900]",NaN,NaN,0.4798 ± 0.0052,"0.4798 ± 0.0052 [95% CI: 0.4740, 0.4857]",NaN,NaN,NaN,NaN,NaN,NaN,NaN,NaN,NaN,NaN,0.0000 ± 0.0000,"0.0000 ± 0.0000 [95% CI: 0.0000, 0.0000]",42838.18,"[95% CI: 42838.18, 42838.18]",31.76,"[95% CI: 31.74, 31.79]",NaN,NaN,NaN,NaN,NaN,NaN,NaN,NaN,NaN,NaN,NaN,NaN
cifar100,TRUE_FEDAVG,FEDAVG,current,16,NA,NA,False,False,True,10,0.1000,False,20,0.0000,3,0.1562 ± 0.0043,"0.1562 ± 0.0043 [95% CI: 0.1513, 0.1611]",0.1454 ± 0.0056,"0.1454 ± 0.0056 [95% CI: 0.1391, 0.1517]",-0.1308 ± 0.0050,"-0.1308 ± 0.0050 [95% CI: -0.1365, -0.1252]",-0.0878 ± 0.0109,"-0.0878 ± 0.0109 [95% CI: -0.1002, -0.0755]",0.1308 ± 0.0050,"0.1308 ± 0.0050 [95% CI: 0.1252, 0.1365]",0.1562 ± 0.0043,"0.1562 ± 0.0043 [95% CI: 0.1513, 0.1611]",0.8546 ± 0.0056,"0.8546 ± 0.0056 [95% CI: 0.8483, 0.8609]",0.8692 ± 0.0050,"0.8692 ± 0.0050 [95% CI: 0.8635, 0.8748]",0.2641 ± 0.0064,"0.2641 ± 0.0064 [95% CI: 0.2569, 0.2713]",0.2648 ± 0.0064,"0.2648 ± 0.0064 [95% CI: 0.2576, 0.2720]",0.5391 ± 0.0132,"0.5391 ± 0.0132 [95% CI: 0.5242, 0.5540]",0.0680 ± 0.0145,"0.0680 ± 0.0145 [95% CI: 0.0516, 0.0844]",0.4254 ± 0.0275,"0.4254 ± 0.0275 [95% CI: 0.3942, 0.4565]",0.6745 ± 0.0653,"0.6745 ± 0.0653 [95% CI: 0.6007, 0.7484]",0.0000 ± 0.0000,"0.0000 ± 0.0000 [95% CI: 0.0000, 0.0000]",42838.18,"[95% CI: 42838.18, 42838.18]",33.31,"[95% CI: 33.22, 33.41]",NaN,NaN,NaN,NaN,NaN,NaN,NaN,NaN,NaN,NaN,NaN,NaN
cifar100,TRUE_FEDAVG,FEDAVG,current,16,NA,NA,False,False,True,10,0.5000,False,0,0.0000,6,0.3048 ± 0.0262,"0.3048 ± 0.0262 [95% CI: 0.2838, 0.3258]",0.2842 ± 0.0333,"0.2842 ± 0.0333 [95% CI: 0.2575, 0.3109]",NaN,NaN,NaN,NaN,NaN,NaN,0.3048 ± 0.0262,"0.3048 ± 0.0262 [95% CI: 0.2838, 0.3258]",0.7158 ± 0.0333,"0.7158 ± 0.0333 [95% CI: 0.6891, 0.7425]",NaN,NaN,0.4274 ± 0.0316,"0.4274 ± 0.0316 [95% CI: 0.4021, 0.4527]",NaN,NaN,NaN,NaN,NaN,NaN,NaN,NaN,NaN,NaN,0.0000 ± 0.0000,"0.0000 ± 0.0000 [95% CI: 0.0000, 0.0000]",42838.18,"[95% CI: 42838.18, 42838.18]",18.86,"[95% CI: 18.82, 18.90]",NaN,NaN,NaN,NaN,NaN,NaN,NaN,NaN,NaN,NaN,NaN,NaN
cifar100,TRUE_FEDAVG,FEDAVG,current,16,NA,NA,False,False,True,10,0.7000,False,20,0.0000,6,0.3578 ± 0.0300,"0.3578 ± 0.0300 [95% CI: 0.3338, 0.3818]",0.3171 ± 0.0318,"0.3171 ± 0.0318 [95% CI: 0.2916, 0.3425]",-0.2854 ± 0.0286,"-0.2854 ± 0.0286 [95% CI: -0.3083, -0.2624]",-0.0867 ± 0.0073,"-0.0867 ± 0.0073 [95% CI: -0.0926, -0.0809]",0.2854 ± 0.0286,"0.2854 ± 0.0286 [95% CI: 0.2624, 0.3083]",0.3578 ± 0.0300,"0.3578 ± 0.0300 [95% CI: 0.3338, 0.3818]",0.6829 ± 0.0318,"0.6829 ± 0.0318 [95% CI: 0.6575, 0.7084]",0.7146 ± 0.0286,"0.7146 ± 0.0286 [95% CI: 0.6917, 0.7376]",0.4694 ± 0.0334,"0.4694 ± 0.0334 [95% CI: 0.4427, 0.4962]",0.4767 ± 0.0331,"0.4767 ± 0.0331 [95% CI: 0.4502, 0.5032]",0.4487 ± 0.0222,"0.4487 ± 0.0222 [95% CI: 0.4310, 0.4665]",0.0329 ± 0.0032,"0.0329 ± 0.0032 [95% CI: 0.0304, 0.0355]",0.3979 ± 0.0241,"0.3979 ± 0.0241 [95% CI: 0.3787, 0.4172]",0.5077 ± 0.0247,"0.5077 ± 0.0247 [95% CI: 0.4879, 0.5275]",0.0000 ± 0.0000,"0.0000 ± 0.0000 [95% CI: 0.0000, 0.0000]",42838.18,"[95% CI: 42838.18, 42838.18]",33.29,"[95% CI: 33.24, 33.34]",NaN,NaN,NaN,NaN,NaN,NaN,NaN,NaN,NaN,NaN,NaN,NaN
cifar100,TRUE_FEDAVG,JOINT_ONLY,current,16,NA,NA,False,False,True,2,0.7000,False,20,0.0000,3,0.2352 ± 0.0364,"0.2352 ± 0.0364 [95% CI: 0.1939, 0.2764]",0.1863 ± 0.0427,"0.1863 ± 0.0427 [95% CI: 0.1380, 0.2347]",-0.0932 ± 0.0214,"-0.0932 ± 0.0214 [95% CI: -0.1173, -0.0690]",-0.1000 ± 0.0000,"-0.1000 ± 0.0000 [95% CI: -0.1000, -0.1000]",0.0932 ± 0.0214,"0.0932 ± 0.0214 [95% CI: 0.0690, 0.1173]",0.2352 ± 0.0364,"0.2352 ± 0.0364 [95% CI: 0.1939, 0.2764]",0.8137 ± 0.0427,"0.8137 ± 0.0427 [95% CI: 0.7653, 0.8620]",0.9068 ± 0.0214,"0.9068 ± 0.0214 [95% CI: 0.8827, 0.9310]",0.3642 ± 0.0462,"0.3642 ± 0.0462 [95% CI: 0.3119, 0.4165]",0.3727 ± 0.0467,"0.3727 ± 0.0467 [95% CI: 0.3199, 0.4255]",0.2229 ± 0.0517,"0.2229 ± 0.0517 [95% CI: 0.1644, 0.2814]",0.0979 ± 0.0332,"0.0979 ± 0.0332 [95% CI: 0.0604, 0.1354]",0.1250 ± 0.0722,"0.1250 ± 0.0722 [95% CI: 0.0433, 0.2067]",0.3208 ± 0.0483,"0.3208 ± 0.0483 [95% CI: 0.2662, 0.3754]",NaN,NaN,0.00,"[95% CI: 0.00, 0.00]",0.61,"[95% CI: 0.56, 0.67]",NaN,NaN,NaN,NaN,NaN,NaN,NaN,NaN,NaN,NaN,NaN,NaN
cifar100,TRUE_FEDAVG,JOINT_ONLY,current,16,NA,NA,False,False,True,10,0.7000,False,20,0.0000,3,0.2141 ± 0.0401,"0.2141 ± 0.0401 [95% CI: 0.1687, 0.2595]",0.3349 ± 0.0205,"0.3349 ± 0.0205 [95% CI: 0.3117, 0.3581]",-0.3014 ± 0.0185,"-0.3014 ± 0.0185 [95% CI: -0.3223, -0.2805]",-0.0907 ± 0.0074,"-0.0907 ± 0.0074 [95% CI: -0.0991, -0.0823]",0.3014 ± 0.0185,"0.3014 ± 0.0185 [95% CI: 0.2805, 0.3223]",0.2141 ± 0.0401,"0.2141 ± 0.0401 [95% CI: 0.1687, 0.2595]",0.6651 ± 0.0205,"0.6651 ± 0.0205 [95% CI: 0.6419, 0.6883]",0.6986 ± 0.0185,"0.6986 ± 0.0185 [95% CI: 0.6777, 0.7195]",0.3229 ± 0.0491,"0.3229 ± 0.0491 [95% CI: 0.2673, 0.3785]",0.3267 ± 0.0499,"0.3267 ± 0.0499 [95% CI: 0.2703, 0.3831]",0.2184 ± 0.0424,"0.2184 ± 0.0424 [95% CI: 0.1705, 0.2664]",0.0556 ± 0.0106,"0.0556 ± 0.0106 [95% CI: 0.0437, 0.0676]",0.1401 ± 0.0384,"0.1401 ± 0.0384 [95% CI: 0.0966, 0.1836]",0.3537 ± 0.0158,"0.3537 ± 0.0158 [95% CI: 0.3359, 0.3716]",NaN,NaN,0.00,"[95% CI: 0.00, 0.00]",33.04,"[95% CI: 33.00, 33.08]",NaN,NaN,NaN,NaN,NaN,NaN,NaN,NaN,NaN,NaN,NaN,NaN
digit5,FULL_FEDAVG,FEDAVG,current,16,NA,NA,False,False,True,10,NA,False,0,0.0000,3,0.1268 ± 0.0097,"0.1268 ± 0.0097 [95% CI: 0.1159, 0.1378]",0.0000 ± 0.0000,"0.0000 ± 0.0000 [95% CI: 0.0000, 0.0000]",NaN,NaN,NaN,NaN,NaN,NaN,0.1268 ± 0.0097,"0.1268 ± 0.0097 [95% CI: 0.1159, 0.1378]",1.0000 ± 0.0000,"1.0000 ± 0.0000 [95% CI: 1.0000, 1.0000]",NaN,NaN,0.2251 ± 0.0152,"0.2251 ± 0.0152 [95% CI: 0.2079, 0.2422]",NaN,NaN,NaN,NaN,NaN,NaN,NaN,NaN,NaN,NaN,0.0130 ± 0.0010,"0.0130 ± 0.0010 [95% CI: 0.0118, 0.0141]",9.78,"[95% CI: 9.78, 9.78]",63.84,"[95% CI: 63.69, 63.98]",NaN,NaN,NaN,NaN,NaN,NaN,NaN,NaN,NaN,NaN,NaN,NaN
digit5,FULL_FEDAVG,FEDAVG,current,16,NA,NA,False,False,True,10,0.7000,False,0,0.0000,6,0.1222 ± 0.0072,"0.1222 ± 0.0072 [95% CI: 0.1165, 0.1280]",0.0000 ± 0.0000,"0.0000 ± 0.0000 [95% CI: 0.0000, 0.0000]",NaN,NaN,NaN,NaN,NaN,NaN,0.1222 ± 0.0072,"0.1222 ± 0.0072 [95% CI: 0.1165, 0.1280]",1.0000 ± 0.0000,"1.0000 ± 0.0000 [95% CI: 1.0000, 1.0000]",NaN,NaN,0.2178 ± 0.0114,"0.2178 ± 0.0114 [95% CI: 0.2086, 0.2269]",NaN,NaN,NaN,NaN,NaN,NaN,NaN,NaN,NaN,NaN,0.0125 ± 0.0007,"0.0125 ± 0.0007 [95% CI: 0.0119, 0.0131]",9.78,"[95% CI: 9.78, 9.78]",41.12,"[95% CI: 41.02, 41.22]",NaN,NaN,NaN,NaN,NaN,NaN,NaN,NaN,NaN,NaN,NaN,NaN
digit5,FULL_FEDAVG,FEDAVG,current,16,NA,NA,False,False,True,10,0.7000,False,20,0.0000,3,0.1202 ± 0.0107,"0.1202 ± 0.0107 [95% CI: 0.1080, 0.1323]",0.0000 ± 0.0000,"0.0000 ± 0.0000 [95% CI: 0.0000, 0.0000]",0.0000 ± 0.0000,"0.0000 ± 0.0000 [95% CI: 0.0000, 0.0000]",0.0042 ± 0.0150,"0.0042 ± 0.0150 [95% CI: -0.0127, 0.0212]",0.0000 ± 0.0000,"0.0000 ± 0.0000 [95% CI: 0.0000, 0.0000]",0.1202 ± 0.0107,"0.1202 ± 0.0107 [95% CI: 0.1080, 0.1323]",1.0000 ± 0.0000,"1.0000 ± 0.0000 [95% CI: 1.0000, 1.0000]",1.0000 ± 0.0000,"1.0000 ± 0.0000 [95% CI: 1.0000, 1.0000]",0.2144 ± 0.0170,"0.2144 ± 0.0170 [95% CI: 0.1952, 0.2337]",0.2144 ± 0.0170,"0.2144 ± 0.0170 [95% CI: 0.1952, 0.2337]",0.3105 ± 0.0119,"0.3105 ± 0.0119 [95% CI: 0.2971, 0.3240]",0.0561 ± 0.0204,"0.0561 ± 0.0204 [95% CI: 0.0329, 0.0792]",0.2257 ± 0.0137,"0.2257 ± 0.0137 [95% CI: 0.2102, 0.2412]",0.4170 ± 0.0771,"0.4170 ± 0.0771 [95% CI: 0.3298, 0.5043]",0.0123 ± 0.0011,"0.0123 ± 0.0011 [95% CI: 0.0110, 0.0135]",9.78,"[95% CI: 9.78, 9.78]",71.30,"[95% CI: 70.71, 71.89]",NaN,NaN,NaN,NaN,NaN,NaN,NaN,NaN,NaN,NaN,NaN,NaN
digit5,SHARED_ADAPTER,FEDAVG,current,16,NA,NA,False,False,True,10,NA,False,0,0.0000,3,0.1182 ± 0.0013,"0.1182 ± 0.0013 [95% CI: 0.1167, 0.1197]",0.0167 ± 0.0063,"0.0167 ± 0.0063 [95% CI: 0.0097, 0.0238]",NaN,NaN,NaN,NaN,NaN,NaN,0.1182 ± 0.0013,"0.1182 ± 0.0013 [95% CI: 0.1167, 0.1197]",0.9833 ± 0.0063,"0.9833 ± 0.0063 [95% CI: 0.9762, 0.9903]",NaN,NaN,0.2110 ± 0.0020,"0.2110 ± 0.0020 [95% CI: 0.2087, 0.2133]",NaN,NaN,NaN,NaN,NaN,NaN,NaN,NaN,NaN,NaN,0.0028 ± 0.0000,"0.0028 ± 0.0000 [95% CI: 0.0028, 0.0028]",42.04,"[95% CI: 42.04, 42.04]",64.05,"[95% CI: 63.86, 64.24]",NaN,NaN,NaN,NaN,NaN,NaN,NaN,NaN,NaN,NaN,NaN,NaN
digit5,SHARED_ADAPTER,FEDAVG,current,16,NA,NA,False,False,True,10,0.7000,False,0,0.0000,6,0.1118 ± 0.0046,"0.1118 ± 0.0046 [95% CI: 0.1081, 0.1155]",0.0130 ± 0.0120,"0.0130 ± 0.0120 [95% CI: 0.0034, 0.0226]",NaN,NaN,NaN,NaN,NaN,NaN,0.1118 ± 0.0046,"0.1118 ± 0.0046 [95% CI: 0.1081, 0.1155]",0.9870 ± 0.0120,"0.9870 ± 0.0120 [95% CI: 0.9774, 0.9966]",NaN,NaN,0.2009 ± 0.0077,"0.2009 ± 0.0077 [95% CI: 0.1947, 0.2070]",NaN,NaN,NaN,NaN,NaN,NaN,NaN,NaN,NaN,NaN,0.0027 ± 0.0001,"0.0027 ± 0.0001 [95% CI: 0.0026, 0.0027]",42.04,"[95% CI: 42.04, 42.04]",41.30,"[95% CI: 41.17, 41.42]",NaN,NaN,NaN,NaN,NaN,NaN,NaN,NaN,NaN,NaN,NaN,NaN
digit5,SHARED_ADAPTER,FEDAVG,current,16,NA,NA,False,False,True,10,0.7000,False,20,0.0000,3,0.1233 ± 0.0072,"0.1233 ± 0.0072 [95% CI: 0.1151, 0.1315]",0.0043 ± 0.0039,"0.0043 ± 0.0039 [95% CI: -0.0001, 0.0086]",-0.0034 ± 0.0031,"-0.0034 ± 0.0031 [95% CI: -0.0069, 0.0001]",0.0139 ± 0.0133,"0.0139 ± 0.0133 [95% CI: -0.0011, 0.0290]",0.0034 ± 0.0031,"0.0034 ± 0.0031 [95% CI: -0.0001, 0.0069]",0.1233 ± 0.0072,"0.1233 ± 0.0072 [95% CI: 0.1151, 0.1315]",0.9957 ± 0.0039,"0.9957 ± 0.0039 [95% CI: 0.9914, 1.0001]",0.9966 ± 0.0031,"0.9966 ± 0.0031 [95% CI: 0.9931, 1.0001]",0.2194 ± 0.0114,"0.2194 ± 0.0114 [95% CI: 0.2065, 0.2322]",0.2194 ± 0.0114,"0.2194 ± 0.0114 [95% CI: 0.2065, 0.2323]",0.3066 ± 0.0152,"0.3066 ± 0.0152 [95% CI: 0.2894, 0.3238]",0.0466 ± 0.0078,"0.0466 ± 0.0078 [95% CI: 0.0378, 0.0555]",0.2360 ± 0.0301,"0.2360 ± 0.0301 [95% CI: 0.2020, 0.2701]",0.3803 ± 0.0370,"0.3803 ± 0.0370 [95% CI: 0.3384, 0.4222]",0.0029 ± 0.0002,"0.0029 ± 0.0002 [95% CI: 0.0027, 0.0031]",42.04,"[95% CI: 42.04, 42.04]",71.94,"[95% CI: 71.73, 72.16]",NaN,NaN,NaN,NaN,NaN,NaN,NaN,NaN,NaN,NaN,NaN,NaN
digit5,SHARED_ADAPTER,SCAFFOLD,current,16,NA,NA,False,False,True,2,0.7000,True,20,0.0000,3,0.0983 ± 0.0203,"0.0983 ± 0.0203 [95% CI: 0.0753, 0.1212]",0.0000 ± 0.0000,"0.0000 ± 0.0000 [95% CI: 0.0000, 0.0000]",0.0000 ± 0.0000,"0.0000 ± 0.0000 [95% CI: 0.0000, 0.0000]",0.0412 ± 0.0596,"0.0412 ± 0.0596 [95% CI: -0.0263, 0.1086]",0.0000 ± 0.0000,"0.0000 ± 0.0000 [95% CI: 0.0000, 0.0000]",0.0983 ± 0.0203,"0.0983 ± 0.0203 [95% CI: 0.0753, 0.1212]",1.0000 ± 0.0000,"1.0000 ± 0.0000 [95% CI: 1.0000, 1.0000]",1.0000 ± 0.0000,"1.0000 ± 0.0000 [95% CI: 1.0000, 1.0000]",0.1785 ± 0.0333,"0.1785 ± 0.0333 [95% CI: 0.1409, 0.2162]",0.1785 ± 0.0333,"0.1785 ± 0.0333 [95% CI: 0.1409, 0.2162]",0.1656 ± 0.0289,"0.1656 ± 0.0289 [95% CI: 0.1329, 0.1983]",0.0173 ± 0.0194,"0.0173 ± 0.0194 [95% CI: -0.0047, 0.0392]",0.1483 ± 0.0474,"0.1483 ± 0.0474 [95% CI: 0.0947, 0.2020]",0.1829 ± 0.0134,"0.1829 ± 0.0134 [95% CI: 0.1677, 0.1980]",0.1461 ± 0.0301,"0.1461 ± 0.0301 [95% CI: 0.1120, 0.1802]",0.67,"[95% CI: 0.67, 0.67]",6.02,"[95% CI: 5.98, 6.07]",NaN,NaN,NaN,NaN,NaN,NaN,NaN,NaN,NaN,NaN,NaN,NaN
digit5,TASK_ADAPTER,FEDAVG,current,16,NA,NA,False,False,True,10,NA,False,0,0.0000,3,0.1266 ± 0.0102,"0.1266 ± 0.0102 [95% CI: 0.1151, 0.1381]",0.0000 ± 0.0000,"0.0000 ± 0.0000 [95% CI: 0.0000, 0.0000]",NaN,NaN,NaN,NaN,NaN,NaN,0.1266 ± 0.0102,"0.1266 ± 0.0102 [95% CI: 0.1151, 0.1381]",1.0000 ± 0.0000,"1.0000 ± 0.0000 [95% CI: 1.0000, 1.0000]",NaN,NaN,0.2247 ± 0.0160,"0.2247 ± 0.0160 [95% CI: 0.2065, 0.2428]",NaN,NaN,NaN,NaN,NaN,NaN,NaN,NaN,NaN,NaN,0.0030 ± 0.0002,"0.0030 ± 0.0002 [95% CI: 0.0027, 0.0033]",42.04,"[95% CI: 42.04, 42.04]",64.12,"[95% CI: 64.04, 64.19]",NaN,NaN,NaN,NaN,NaN,NaN,NaN,NaN,NaN,NaN,NaN,NaN
digit5,TASK_ADAPTER,FEDAVG,current,16,NA,NA,False,False,True,10,0.7000,False,0,0.0000,6,0.1244 ± 0.0019,"0.1244 ± 0.0019 [95% CI: 0.1228, 0.1259]",0.0000 ± 0.0000,"0.0000 ± 0.0000 [95% CI: 0.0000, 0.0000]",NaN,NaN,NaN,NaN,NaN,NaN,0.1244 ± 0.0019,"0.1244 ± 0.0019 [95% CI: 0.1228, 0.1259]",1.0000 ± 0.0000,"1.0000 ± 0.0000 [95% CI: 1.0000, 1.0000]",NaN,NaN,0.2212 ± 0.0030,"0.2212 ± 0.0030 [95% CI: 0.2188, 0.2237]",NaN,NaN,NaN,NaN,NaN,NaN,NaN,NaN,NaN,NaN,0.0030 ± 0.0000,"0.0030 ± 0.0000 [95% CI: 0.0029, 0.0030]",42.04,"[95% CI: 42.04, 42.04]",41.36,"[95% CI: 41.22, 41.50]",NaN,NaN,NaN,NaN,NaN,NaN,NaN,NaN,NaN,NaN,NaN,NaN
digit5,TASK_ADAPTER,FEDAVG,current,16,NA,NA,False,False,True,10,0.7000,False,20,0.0000,3,0.1190 ± 0.0146,"0.1190 ± 0.0146 [95% CI: 0.1025, 0.1355]",0.0000 ± 0.0000,"0.0000 ± 0.0000 [95% CI: 0.0000, 0.0000]",0.0000 ± 0.0000,"0.0000 ± 0.0000 [95% CI: 0.0000, 0.0000]",-0.0033 ± 0.0020,"-0.0033 ± 0.0020 [95% CI: -0.0056, -0.0011]",0.0000 ± 0.0000,"0.0000 ± 0.0000 [95% CI: 0.0000, 0.0000]",0.1190 ± 0.0146,"0.1190 ± 0.0146 [95% CI: 0.1025, 0.1355]",1.0000 ± 0.0000,"1.0000 ± 0.0000 [95% CI: 1.0000, 1.0000]",1.0000 ± 0.0000,"1.0000 ± 0.0000 [95% CI: 1.0000, 1.0000]",0.2125 ± 0.0234,"0.2125 ± 0.0234 [95% CI: 0.1860, 0.2389]",0.2125 ± 0.0234,"0.2125 ± 0.0234 [95% CI: 0.1860, 0.2389]",0.3132 ± 0.0198,"0.3132 ± 0.0198 [95% CI: 0.2907, 0.3356]",0.0456 ± 0.0143,"0.0456 ± 0.0143 [95% CI: 0.0294, 0.0618]",0.2476 ± 0.0382,"0.2476 ± 0.0382 [95% CI: 0.2044, 0.2907]",0.3961 ± 0.0196,"0.3961 ± 0.0196 [95% CI: 0.3739, 0.4183]",0.0028 ± 0.0003,"0.0028 ± 0.0003 [95% CI: 0.0024, 0.0032]",42.04,"[95% CI: 42.04, 42.04]",71.72,"[95% CI: 71.44, 72.01]",NaN,NaN,NaN,NaN,NaN,NaN,NaN,NaN,NaN,NaN,NaN,NaN
digit5,TRUE_FEDAVG,FEDAVG,current,16,NA,NA,False,False,True,10,NA,False,0,0.0000,3,0.8411 ± 0.0094,"0.8411 ± 0.0094 [95% CI: 0.8304, 0.8518]",0.1631 ± 0.0136,"0.1631 ± 0.0136 [95% CI: 0.1477, 0.1785]",NaN,NaN,NaN,NaN,NaN,NaN,0.8411 ± 0.0094,"0.8411 ± 0.0094 [95% CI: 0.8304, 0.8518]",0.8369 ± 0.0136,"0.8369 ± 0.0136 [95% CI: 0.8215, 0.8523]",NaN,NaN,0.8390 ± 0.0115,"0.8390 ± 0.0115 [95% CI: 0.8260, 0.8521]",NaN,NaN,NaN,NaN,NaN,NaN,NaN,NaN,NaN,NaN,0.0000 ± 0.0000,"0.0000 ± 0.0000 [95% CI: 0.0000, 0.0000]",21331.03,"[95% CI: 21331.03, 21331.03]",127.98,"[95% CI: 127.79, 128.17]",NaN,NaN,NaN,NaN,NaN,NaN,NaN,NaN,NaN,NaN,NaN,NaN
digit5,TRUE_FEDAVG,FEDAVG,current,16,NA,NA,False,False,True,10,0.7000,False,0,0.0000,6,0.7932 ± 0.0217,"0.7932 ± 0.0217 [95% CI: 0.7758, 0.8106]",0.2065 ± 0.0243,"0.2065 ± 0.0243 [95% CI: 0.1871, 0.2259]",NaN,NaN,NaN,NaN,NaN,NaN,0.7932 ± 0.0217,"0.7932 ± 0.0217 [95% CI: 0.7758, 0.8106]",0.7935 ± 0.0243,"0.7935 ± 0.0243 [95% CI: 0.7741, 0.8129]",NaN,NaN,0.7933 ± 0.0230,"0.7933 ± 0.0230 [95% CI: 0.7750, 0.8117]",NaN,NaN,NaN,NaN,NaN,NaN,NaN,NaN,NaN,NaN,0.0000 ± 0.0000,"0.0000 ± 0.0000 [95% CI: 0.0000, 0.0000]",21331.03,"[95% CI: 21331.03, 21331.03]",82.68,"[95% CI: 66.47, 98.89]",NaN,NaN,NaN,NaN,NaN,NaN,NaN,NaN,NaN,NaN,NaN,NaN
digit5,TRUE_FEDAVG,FEDAVG,current,16,NA,NA,False,False,True,10,0.7000,False,20,0.0000,3,0.8359 ± 0.0110,"0.8359 ± 0.0110 [95% CI: 0.8234, 0.8483]",0.1672 ± 0.0122,"0.1672 ± 0.0122 [95% CI: 0.1534, 0.1810]",-0.1338 ± 0.0097,"-0.1338 ± 0.0097 [95% CI: -0.1448, -0.1227]",-0.0188 ± 0.0206,"-0.0188 ± 0.0206 [95% CI: -0.0421, 0.0046]",0.1338 ± 0.0097,"0.1338 ± 0.0097 [95% CI: 0.1227, 0.1448]",0.8359 ± 0.0110,"0.8359 ± 0.0110 [95% CI: 0.8234, 0.8483]",0.8328 ± 0.0122,"0.8328 ± 0.0122 [95% CI: 0.8190, 0.8466]",0.8662 ± 0.0097,"0.8662 ± 0.0097 [95% CI: 0.8552, 0.8773]",0.8343 ± 0.0116,"0.8343 ± 0.0116 [95% CI: 0.8212, 0.8474]",0.8508 ± 0.0104,"0.8508 ± 0.0104 [95% CI: 0.8390, 0.8625]",0.7417 ± 0.0148,"0.7417 ± 0.0148 [95% CI: 0.7249, 0.7585]",0.0452 ± 0.0097,"0.0452 ± 0.0097 [95% CI: 0.0342, 0.0562]",0.6619 ± 0.0293,"0.6619 ± 0.0293 [95% CI: 0.6288, 0.6950]",0.8082 ± 0.0246,"0.8082 ± 0.0246 [95% CI: 0.7803, 0.8360]",0.0000 ± 0.0000,"0.0000 ± 0.0000 [95% CI: 0.0000, 0.0000]",21331.03,"[95% CI: 21331.03, 21331.03]",124.14,"[95% CI: 123.38, 124.90]",NaN,NaN,NaN,NaN,NaN,NaN,NaN,NaN,NaN,NaN,NaN,NaN
digit5,TRUE_FEDAVG,FEDPROX,current,16,NA,NA,False,False,True,2,NA,False,0,0.0000,6,0.3931 ± 0.1035,"0.3931 ± 0.1035 [95% CI: 0.3103, 0.4759]",0.0000 ± 0.0000,"0.0000 ± 0.0000 [95% CI: 0.0000, 0.0000]",NaN,NaN,NaN,NaN,NaN,NaN,0.3931 ± 0.1035,"0.3931 ± 0.1035 [95% CI: 0.3103, 0.4759]",1.0000 ± 0.0000,"1.0000 ± 0.0000 [95% CI: 1.0000, 1.0000]",NaN,NaN,0.5571 ± 0.1167,"0.5571 ± 0.1167 [95% CI: 0.4638, 0.6505]",NaN,NaN,NaN,NaN,NaN,NaN,NaN,NaN,NaN,NaN,0.0012 ± 0.0003,"0.0012 ± 0.0003 [95% CI: 0.0009, 0.0014]",341.30,"[95% CI: 341.30, 341.30]",8.96,"[95% CI: 8.84, 9.07]",NaN,NaN,NaN,NaN,NaN,NaN,NaN,NaN,NaN,NaN,NaN,NaN
tinyimagenet,FULL_FEDAVG,FEDAVG,current,16,head_only,class_incremental_task_aware,True,True,True,10,0.7000,False,20,0.0000,9,0.0330 ± 0.0206,"0.0330 ± 0.0206 [95% CI: 0.0195, 0.0464]",0.0000 ± 0.0000,"0.0000 ± 0.0000 [95% CI: 0.0000, 0.0000]",0.0000 ± 0.0000,"0.0000 ± 0.0000 [95% CI: 0.0000, 0.0000]",-0.0150 ± 0.0263,"-0.0150 ± 0.0263 [95% CI: -0.0322, 0.0021]",0.0000 ± 0.0000,"0.0000 ± 0.0000 [95% CI: 0.0000, 0.0000]",0.0330 ± 0.0206,"0.0330 ± 0.0206 [95% CI: 0.0195, 0.0464]",1.0000 ± 0.0000,"1.0000 ± 0.0000 [95% CI: 1.0000, 1.0000]",1.0000 ± 0.0000,"1.0000 ± 0.0000 [95% CI: 1.0000, 1.0000]",0.0631 ± 0.0391,"0.0631 ± 0.0391 [95% CI: 0.0376, 0.0887]",0.0631 ± 0.0391,"0.0631 ± 0.0391 [95% CI: 0.0376, 0.0887]",0.5522 ± 0.0060,"0.5522 ± 0.0060 [95% CI: 0.5483, 0.5562]",0.0178 ± 0.0060,"0.0178 ± 0.0060 [95% CI: 0.0139, 0.0218]",0.5242 ± 0.0100,"0.5242 ± 0.0100 [95% CI: 0.5177, 0.5308]",0.5831 ± 0.0082,"0.5831 ± 0.0082 [95% CI: 0.5778, 0.5885]",0.0004 ± 0.0003,"0.0004 ± 0.0003 [95% CI: 0.0002, 0.0006]",78.28,"[95% CI: 78.28, 78.28]",248.70,"[95% CI: 248.42, 248.99]",NaN,NaN,NaN,NaN,NaN,NaN,3.604 ± 0.074,"3.604 ± 0.074 [95% CI: 3.556, 3.652]",74.909 ± 0.215,"74.909 ± 0.215 [95% CI: 74.769, 75.049]",10179.89 ± 1375.81,"10179.89 ± 1375.81 [95% CI: 9281.03, 11078.75]"
tinyimagenet,SHARED_ADAPTER,FEDAVG,current,16,shared_adapter_plus_heads,class_incremental_task_aware,True,False,True,10,0.7000,False,20,0.0000,8,0.0309 ± 0.0207,"0.0309 ± 0.0207 [95% CI: 0.0165, 0.0452]",0.0065 ± 0.0045,"0.0065 ± 0.0045 [95% CI: 0.0033, 0.0096]",-0.0018 ± 0.0029,"-0.0018 ± 0.0029 [95% CI: -0.0038, 0.0002]",-0.0182 ± 0.0267,"-0.0182 ± 0.0267 [95% CI: -0.0367, 0.0003]",0.0058 ± 0.0041,"0.0058 ± 0.0041 [95% CI: 0.0030, 0.0087]",0.0309 ± 0.0207,"0.0309 ± 0.0207 [95% CI: 0.0165, 0.0452]",0.9935 ± 0.0045,"0.9935 ± 0.0045 [95% CI: 0.9904, 0.9967]",0.9942 ± 0.0041,"0.9942 ± 0.0041 [95% CI: 0.9913, 0.9970]",0.0592 ± 0.0393,"0.0592 ± 0.0393 [95% CI: 0.0320, 0.0865]",0.0592 ± 0.0393,"0.0592 ± 0.0393 [95% CI: 0.0320, 0.0865]",0.4771 ± 0.0057,"0.4771 ± 0.0057 [95% CI: 0.4731, 0.4810]",0.0195 ± 0.0045,"0.0195 ± 0.0045 [95% CI: 0.0163, 0.0226]",0.4446 ± 0.0084,"0.4446 ± 0.0084 [95% CI: 0.4388, 0.4504]",0.5115 ± 0.0082,"0.5115 ± 0.0082 [95% CI: 0.5058, 0.5171]",0.0001 ± 0.0001,"0.0001 ± 0.0001 [95% CI: 0.0001, 0.0002]",207.31,"[95% CI: 207.31, 207.31]",249.32,"[95% CI: 248.93, 249.70]",NaN,NaN,NaN,NaN,NaN,NaN,3.651 ± 0.108,"3.651 ± 0.108 [95% CI: 3.576, 3.726]",74.782 ± 0.353,"74.782 ± 0.353 [95% CI: 74.537, 75.027]",10888.62 ± 1246.28,"10888.62 ± 1246.28 [95% CI: 10025.00, 11752.25]"
tinyimagenet,TASK_ADAPTER,FEDAVG,current,16,task_adapter_plus_heads,class_incremental_task_aware,True,False,True,10,0.7000,False,20,0.0000,9,0.0299 ± 0.0222,"0.0299 ± 0.0222 [95% CI: 0.0154, 0.0445]",0.0000 ± 0.0000,"0.0000 ± 0.0000 [95% CI: 0.0000, 0.0000]",0.0000 ± 0.0000,"0.0000 ± 0.0000 [95% CI: 0.0000, 0.0000]",-0.0199 ± 0.0285,"-0.0199 ± 0.0285 [95% CI: -0.0386, -0.0013]",0.0000 ± 0.0000,"0.0000 ± 0.0000 [95% CI: 0.0000, 0.0000]",0.0299 ± 0.0222,"0.0299 ± 0.0222 [95% CI: 0.0154, 0.0445]",1.0000 ± 0.0000,"1.0000 ± 0.0000 [95% CI: 1.0000, 1.0000]",1.0000 ± 0.0000,"1.0000 ± 0.0000 [95% CI: 1.0000, 1.0000]",0.0573 ± 0.0422,"0.0573 ± 0.0422 [95% CI: 0.0298, 0.0849]",0.0573 ± 0.0422,"0.0573 ± 0.0422 [95% CI: 0.0298, 0.0849]",0.5775 ± 0.0032,"0.5775 ± 0.0032 [95% CI: 0.5754, 0.5796]",0.0214 ± 0.0063,"0.0214 ± 0.0063 [95% CI: 0.0173, 0.0255]",0.5408 ± 0.0171,"0.5408 ± 0.0171 [95% CI: 0.5296, 0.5520]",0.6139 ± 0.0121,"0.6139 ± 0.0121 [95% CI: 0.6060, 0.6218]",0.0001 ± 0.0001,"0.0001 ± 0.0001 [95% CI: 0.0001, 0.0002]",207.31,"[95% CI: 207.31, 207.31]",249.70,"[95% CI: 249.11, 250.29]",NaN,NaN,NaN,NaN,NaN,NaN,3.678 ± 0.088,"3.678 ± 0.088 [95% CI: 3.621, 3.736]",74.379 ± 0.320,"74.379 ± 0.320 [95% CI: 74.170, 74.588]",10517.44 ± 1554.46,"10517.44 ± 1554.46 [95% CI: 9501.86, 11533.03]"
tinyimagenet,TRUE_FEDAVG,FEDAVG,current,16,full_model_no_adapters,class_incremental_task_aware,True,False,True,10,0.7000,False,20,0.0000,8,0.0285 ± 0.0206,"0.0285 ± 0.0206 [95% CI: 0.0143, 0.0428]",0.0121 ± 0.0075,"0.0121 ± 0.0075 [95% CI: 0.0069, 0.0173]",0.0017 ± 0.0028,"0.0017 ± 0.0028 [95% CI: -0.0003, 0.0036]",-0.0193 ± 0.0261,"-0.0193 ± 0.0261 [95% CI: -0.0373, -0.0012]",0.0109 ± 0.0068,"0.0109 ± 0.0068 [95% CI: 0.0062, 0.0155]",0.0285 ± 0.0206,"0.0285 ± 0.0206 [95% CI: 0.0143, 0.0428]",0.9879 ± 0.0075,"0.9879 ± 0.0075 [95% CI: 0.9827, 0.9931]",0.9891 ± 0.0068,"0.9891 ± 0.0068 [95% CI: 0.9845, 0.9938]",0.0548 ± 0.0392,"0.0548 ± 0.0392 [95% CI: 0.0276, 0.0820]",0.0548 ± 0.0392,"0.0548 ± 0.0392 [95% CI: 0.0276, 0.0820]",0.2989 ± 0.0096,"0.2989 ± 0.0096 [95% CI: 0.2922, 0.3055]",0.0297 ± 0.0056,"0.0297 ± 0.0056 [95% CI: 0.0258, 0.0336]",0.2523 ± 0.0120,"0.2523 ± 0.0120 [95% CI: 0.2440, 0.2607]",0.3485 ± 0.0268,"0.3485 ± 0.0268 [95% CI: 0.3299, 0.3670]",0.0000 ± 0.0000,"0.0000 ± 0.0000 [95% CI: 0.0000, 0.0000]",85363.25,"[95% CI: 85363.25, 85363.25]",458.45,"[95% CI: 457.81, 459.09]",NaN,NaN,NaN,NaN,NaN,NaN,2.592 ± 0.095,"2.592 ± 0.095 [95% CI: 2.526, 2.658]",84.337 ± 0.111,"84.337 ± 0.111 [95% CI: 84.260, 84.414]",11611.25 ± 406.02,"11611.25 ± 406.02 [95% CI: 11329.89, 11892.61]"
